iteration,w_mse,w_anatomy
0,1.00000000,0.00247262
1,1.00000000,0.00252245
2,1.00000000,0.00257327
3,1.00000000,0.00262512
4,1.00000000,0.00267801
5,1.00000000,0.00273196
6,1.00000000,0.00278700
7,1.00000000,0.00284314
8,1.00000000,0.00290041
9,1.00000000,0.00295882
10,1.00000000,0.00301842
11,1.00000000,0.00307920
12,1.00000000,0.00314121
13,1.00000000,0.00320447
14,1.00000000,0.00326899
15,1.00000000,0.00333481
16,1.00000000,0.00340195
17,1.00000000,0.00347043
18,1.00000000,0.00354029
19,1.00000000,0.00361155
20,1.00000000,0.00368424
21,1.00000000,0.00375839
22,1.00000000,0.00383402
23,1.00000000,0.00391117
24,1.00000000,0.00398987
25,1.00000000,0.00407014
26,1.00000000,0.00415202
27,1.00000000,0.00423554
28,1.00000000,0.00432073
29,1.00000000,0.00440763
30,1.00000000,0.00449627
31,1.00000000,0.00458669
32,1.00000000,0.00467891
33,1.00000000,0.00477298
34,1.00000000,0.00486893
35,1.00000000,0.00496680
36,1.00000000,0.00506663
37,1.00000000,0.00516845
38,1.00000000,0.00527231
39,1.00000000,0.00537825
40,1.00000000,0.00548630
41,1.00000000,0.00559651
42,1.00000000,0.00570892
43,1.00000000,0.00582358
44,1.00000000,0.00594052
45,1.00000000,0.00605980
46,1.00000000,0.00618146
47,1.00000000,0.00630555
48,1.00000000,0.00643211
49,1.00000000,0.00656119
50,1.00000000,0.00669285
51,1.00000000,0.00682713
52,1.00000000,0.00696409
53,1.00000000,0.00710377
54,1.00000000,0.00724624
55,1.00000000,0.00739154
56,1.00000000,0.00753973
57,1.00000000,0.00769088
58,1.00000000,0.00784502
59,1.00000000,0.00800223
60,1.00000000,0.00816257
61,1.00000000,0.00832609
62,1.00000000,0.00849286
63,1.00000000,0.00866294
64,1.00000000,0.00883640
65,1.00000000,0.00901330
66,1.00000000,0.00919371
67,1.00000000,0.00937769
68,1.00000000,0.00956532
69,1.00000000,0.00975667
70,1.00000000,0.00995180
71,1.00000000,0.01015080
72,1.00000000,0.01035374
73,1.00000000,0.01056069
74,1.00000000,0.01077173
75,1.00000000,0.01098694
76,1.00000000,0.01120641
77,1.00000000,0.01143020
78,1.00000000,0.01165842
79,1.00000000,0.01189113
80,1.00000000,0.01212843
81,1.00000000,0.01237041
82,1.00000000,0.01261716
83,1.00000000,0.01286876
84,1.00000000,0.01312532
85,1.00000000,0.01338692
86,1.00000000,0.01365366
87,1.00000000,0.01392564
88,1.00000000,0.01420296
89,1.00000000,0.01448572
90,1.00000000,0.01477403
91,1.00000000,0.01506799
92,1.00000000,0.01536771
93,1.00000000,0.01567329
94,1.00000000,0.01598485
95,1.00000000,0.01630250
96,1.00000000,0.01662636
97,1.00000000,0.01695654
98,1.00000000,0.01729316
99,1.00000000,0.01763634
100,1.00000000,0.01798621
101,1.00000000,0.01834289
102,1.00000000,0.01870651
103,1.00000000,0.01907720
104,1.00000000,0.01945508
105,1.00000000,0.01984031
106,1.00000000,0.02023300
107,1.00000000,0.02063330
108,1.00000000,0.02104135
109,1.00000000,0.02145729
110,1.00000000,0.02188127
111,1.00000000,0.02231344
112,1.00000000,0.02275394
113,1.00000000,0.02320294
114,1.00000000,0.02366058
115,1.00000000,0.02412702
116,1.00000000,0.02460243
117,1.00000000,0.02508696
118,1.00000000,0.02558079
119,1.00000000,0.02608408
120,1.00000000,0.02659699
121,1.00000000,0.02711972
122,1.00000000,0.02765242
123,1.00000000,0.02819529
124,1.00000000,0.02874850
125,1.00000000,0.02931223
126,1.00000000,0.02988668
127,1.00000000,0.03047203
128,1.00000000,0.03106848
129,1.00000000,0.03167623
130,1.00000000,0.03229546
131,1.00000000,0.03292639
132,1.00000000,0.03356922
133,1.00000000,0.03422416
134,1.00000000,0.03489141
135,1.00000000,0.03557119
136,1.00000000,0.03626372
137,1.00000000,0.03696921
138,1.00000000,0.03768789
139,1.00000000,0.03841999
140,1.00000000,0.03916572
141,1.00000000,0.03992533
142,1.00000000,0.04069905
143,1.00000000,0.04148712
144,1.00000000,0.04228977
145,1.00000000,0.04310725
146,1.00000000,0.04393982
147,1.00000000,0.04478770
148,1.00000000,0.04565117
149,1.00000000,0.04653047
150,1.00000000,0.04742587
151,1.00000000,0.04833763
152,1.00000000,0.04926601
153,1.00000000,0.05021127
154,1.00000000,0.05117370
155,1.00000000,0.05215356
156,1.00000000,0.05315114
157,1.00000000,0.05416670
158,1.00000000,0.05520054
159,1.00000000,0.05625293
160,1.00000000,0.05732418
161,1.00000000,0.05841456
162,1.00000000,0.05952437
163,1.00000000,0.06065390
164,1.00000000,0.06180347
165,1.00000000,0.06297336
166,1.00000000,0.06416388
167,1.00000000,0.06537533
168,1.00000000,0.06660804
169,1.00000000,0.06786229
170,1.00000000,0.06913842
171,1.00000000,0.07043673
172,1.00000000,0.07175754
173,1.00000000,0.07310117
174,1.00000000,0.07446795
175,1.00000000,0.07585818
176,1.00000000,0.07727220
177,1.00000000,0.07871034
178,1.00000000,0.08017291
179,1.00000000,0.08166026
180,1.00000000,0.08317270
181,1.00000000,0.08471057
182,1.00000000,0.08627419
183,1.00000000,0.08786391
184,1.00000000,0.08948006
185,1.00000000,0.09112296
186,1.00000000,0.09279295
187,1.00000000,0.09449037
188,1.00000000,0.09621554
189,1.00000000,0.09796880
190,1.00000000,0.09975049
191,1.00000000,0.10156093
192,1.00000000,0.10340045
193,1.00000000,0.10526939
194,1.00000000,0.10716807
195,1.00000000,0.10909682
196,1.00000000,0.11105597
197,1.00000000,0.11304583
198,1.00000000,0.11506673
199,1.00000000,0.11711899
200,1.00000000,0.11920292
201,1.00000000,0.12131884
202,1.00000000,0.12346705
203,1.00000000,0.12564786
204,1.00000000,0.12786157
205,1.00000000,0.13010847
206,1.00000000,0.13238887
207,1.00000000,0.13470305
208,1.00000000,0.13705129
209,1.00000000,0.13943387
210,1.00000000,0.14185106
211,1.00000000,0.14430313
212,1.00000000,0.14679034
213,1.00000000,0.14931293
214,1.00000000,0.15187116
215,1.00000000,0.15446527
216,1.00000000,0.15709547
217,1.00000000,0.15976200
218,1.00000000,0.16246506
219,1.00000000,0.16520487
220,1.00000000,0.16798161
221,1.00000000,0.17079548
222,1.00000000,0.17364665
223,1.00000000,0.17653527
224,1.00000000,0.17946152
225,1.00000000,0.18242552
226,1.00000000,0.18542742
227,1.00000000,0.18846733
228,1.00000000,0.19154535
229,1.00000000,0.19466158
230,1.00000000,0.19781611
231,1.00000000,0.20100900
232,1.00000000,0.20424030
233,1.00000000,0.20751006
234,1.00000000,0.21081829
235,1.00000000,0.21416502
236,1.00000000,0.21755022
237,1.00000000,0.22097389
238,1.00000000,0.22443599
239,1.00000000,0.22793645
240,1.00000000,0.23147522
241,1.00000000,0.23505220
242,1.00000000,0.23866729
243,1.00000000,0.24232036
244,1.00000000,0.24601128
245,1.00000000,0.24973989
246,1.00000000,0.25350602
247,1.00000000,0.25730945
248,1.00000000,0.26114999
249,1.00000000,0.26502740
250,1.00000000,0.26894142
251,1.00000000,0.27289178
252,1.00000000,0.27687819
253,1.00000000,0.28090034
254,1.00000000,0.28495789
255,1.00000000,0.28905050
256,1.00000000,0.29317778
257,1.00000000,0.29733935
258,1.00000000,0.30153478
259,1.00000000,0.30576366
260,1.00000000,0.31002552
261,1.00000000,0.31431989
262,1.00000000,0.31864627
263,1.00000000,0.32300414
264,1.00000000,0.32739298
265,1.00000000,0.33181223
266,1.00000000,0.33626130
267,1.00000000,0.34073961
268,1.00000000,0.34524654
269,1.00000000,0.34978145
270,1.00000000,0.35434369
271,1.00000000,0.35893259
272,1.00000000,0.36354746
273,1.00000000,0.36818758
274,1.00000000,0.37285223
275,1.00000000,0.37754067
276,1.00000000,0.38225213
277,1.00000000,0.38698582
278,1.00000000,0.39174097
279,1.00000000,0.39651675
280,1.00000000,0.40131234
281,1.00000000,0.40612690
282,1.00000000,0.41095957
283,1.00000000,0.41580948
284,1.00000000,0.42067575
285,1.00000000,0.42555748
286,1.00000000,0.43045378
287,1.00000000,0.43536371
288,1.00000000,0.44028635
289,1.00000000,0.44522076
290,1.00000000,0.45016600
291,1.00000000,0.45512111
292,1.00000000,0.46008512
293,1.00000000,0.46505705
294,1.00000000,0.47003595
295,1.00000000,0.47502081
296,1.00000000,0.48001066
297,1.00000000,0.48500450
298,1.00000000,0.49000133
299,1.00000000,0.49500017
300,1.00000000,0.50000000
301,1.00000000,0.50499983
302,1.00000000,0.50999867
303,1.00000000,0.51499550
304,1.00000000,0.51998934
305,1.00000000,0.52497919
306,1.00000000,0.52996405
307,1.00000000,0.53494295
308,1.00000000,0.53991488
309,1.00000000,0.54487889
310,1.00000000,0.54983400
311,1.00000000,0.55477924
312,1.00000000,0.55971365
313,1.00000000,0.56463629
314,1.00000000,0.56954622
315,1.00000000,0.57444252
316,1.00000000,0.57932425
317,1.00000000,0.58419052
318,1.00000000,0.58904043
319,1.00000000,0.59387310
320,1.00000000,0.59868766
321,1.00000000,0.60348325
322,1.00000000,0.60825903
323,1.00000000,0.61301418
324,1.00000000,0.61774787
325,1.00000000,0.62245933
326,1.00000000,0.62714777
327,1.00000000,0.63181242
328,1.00000000,0.63645254
329,1.00000000,0.64106741
330,1.00000000,0.64565631
331,1.00000000,0.65021855
332,1.00000000,0.65475346
333,1.00000000,0.65926039
334,1.00000000,0.66373870
335,1.00000000,0.66818777
336,1.00000000,0.67260702
337,1.00000000,0.67699586
338,1.00000000,0.68135373
339,1.00000000,0.68568011
340,1.00000000,0.68997448
341,1.00000000,0.69423634
342,1.00000000,0.69846522
343,1.00000000,0.70266065
344,1.00000000,0.70682222
345,1.00000000,0.71094950
346,1.00000000,0.71504211
347,1.00000000,0.71909966
348,1.00000000,0.72312181
349,1.00000000,0.72710822
350,1.00000000,0.73105858
351,1.00000000,0.73497260
352,1.00000000,0.73885001
353,1.00000000,0.74269055
354,1.00000000,0.74649398
355,1.00000000,0.75026011
356,1.00000000,0.75398872
357,1.00000000,0.75767964
358,1.00000000,0.76133271
359,1.00000000,0.76494780
360,1.00000000,0.76852478
361,1.00000000,0.77206355
362,1.00000000,0.77556401
363,1.00000000,0.77902611
364,1.00000000,0.78244978
365,1.00000000,0.78583498
366,1.00000000,0.78918171
367,1.00000000,0.79248994
368,1.00000000,0.79575970
369,1.00000000,0.79899100
370,1.00000000,0.80218389
371,1.00000000,0.80533842
372,1.00000000,0.80845465
373,1.00000000,0.81153267
374,1.00000000,0.81457258
375,1.00000000,0.81757448
376,1.00000000,0.82053848
377,1.00000000,0.82346473
378,1.00000000,0.82635335
379,1.00000000,0.82920452
380,1.00000000,0.83201839
381,1.00000000,0.83479513
382,1.00000000,0.83753494
383,1.00000000,0.84023800
384,1.00000000,0.84290453
385,1.00000000,0.84553473
386,1.00000000,0.84812884
387,1.00000000,0.85068707
388,1.00000000,0.85320966
389,1.00000000,0.85569687
390,1.00000000,0.85814894
391,1.00000000,0.86056613
392,1.00000000,0.86294871
393,1.00000000,0.86529695
394,1.00000000,0.86761113
395,1.00000000,0.86989153
396,1.00000000,0.87213843
397,1.00000000,0.87435214
398,1.00000000,0.87653295
399,1.00000000,0.87868116
400,1.00000000,0.88079708
401,1.00000000,0.88288101
402,1.00000000,0.88493327
403,1.00000000,0.88695417
404,1.00000000,0.88894403
405,1.00000000,0.89090318
406,1.00000000,0.89283193
407,1.00000000,0.89473061
408,1.00000000,0.89659955
409,1.00000000,0.89843907
410,1.00000000,0.90024951
411,1.00000000,0.90203120
412,1.00000000,0.90378446
413,1.00000000,0.90550963
414,1.00000000,0.90720705
415,1.00000000,0.90887704
416,1.00000000,0.91051994
417,1.00000000,0.91213609
418,1.00000000,0.91372581
419,1.00000000,0.91528943
420,1.00000000,0.91682730
421,1.00000000,0.91833974
422,1.00000000,0.91982709
423,1.00000000,0.92128966
424,1.00000000,0.92272780
425,1.00000000,0.92414182
426,1.00000000,0.92553205
427,1.00000000,0.92689883
428,1.00000000,0.92824246
429,1.00000000,0.92956327
430,1.00000000,0.93086158
431,1.00000000,0.93213771
432,1.00000000,0.93339196
433,1.00000000,0.93462467
434,1.00000000,0.93583612
435,1.00000000,0.93702664
436,1.00000000,0.93819653
437,1.00000000,0.93934610
438,1.00000000,0.94047563
439,1.00000000,0.94158544
440,1.00000000,0.94267582
441,1.00000000,0.94374707
442,1.00000000,0.94479946
443,1.00000000,0.94583330
444,1.00000000,0.94684886
445,1.00000000,0.94784644
446,1.00000000,0.94882630
447,1.00000000,0.94978873
448,1.00000000,0.95073399
449,1.00000000,0.95166237
450,1.00000000,0.95257413
451,1.00000000,0.95346953
452,1.00000000,0.95434883
453,1.00000000,0.95521230
454,1.00000000,0.95606018
455,1.00000000,0.95689275
456,1.00000000,0.95771023
457,1.00000000,0.95851288
458,1.00000000,0.95930095
459,1.00000000,0.96007467
460,1.00000000,0.96083428
461,1.00000000,0.96158001
462,1.00000000,0.96231211
463,1.00000000,0.96303079
464,1.00000000,0.96373628
465,1.00000000,0.96442881
466,1.00000000,0.96510859
467,1.00000000,0.96577584
468,1.00000000,0.96643078
469,1.00000000,0.96707361
470,1.00000000,0.96770454
471,1.00000000,0.96832377
472,1.00000000,0.96893152
473,1.00000000,0.96952797
474,1.00000000,0.97011332
475,1.00000000,0.97068777
476,1.00000000,0.97125150
477,1.00000000,0.97180471
478,1.00000000,0.97234758
479,1.00000000,0.97288028
480,1.00000000,0.97340301
481,1.00000000,0.97391592
482,1.00000000,0.97441921
483,1.00000000,0.97491304
484,1.00000000,0.97539757
485,1.00000000,0.97587298
486,1.00000000,0.97633942
487,1.00000000,0.97679706
488,1.00000000,0.97724606
489,1.00000000,0.97768656
490,1.00000000,0.97811873
491,1.00000000,0.97854271
492,1.00000000,0.97895865
493,1.00000000,0.97936670
494,1.00000000,0.97976700
495,1.00000000,0.98015969
496,1.00000000,0.98054492
497,1.00000000,0.98092280
498,1.00000000,0.98129349
499,1.00000000,0.98165711
500,1.00000000,0.98201379
501,1.00000000,0.98236366
502,1.00000000,0.98270684
503,1.00000000,0.98304346
504,1.00000000,0.98337364
505,1.00000000,0.98369750
506,1.00000000,0.98401515
507,1.00000000,0.98432671
508,1.00000000,0.98463229
509,1.00000000,0.98493201
510,1.00000000,0.98522597
511,1.00000000,0.98551428
512,1.00000000,0.98579704
513,1.00000000,0.98607436
514,1.00000000,0.98634634
515,1.00000000,0.98661308
516,1.00000000,0.98687468
517,1.00000000,0.98713124
518,1.00000000,0.98738284
519,1.00000000,0.98762959
520,1.00000000,0.98787157
521,1.00000000,0.98810887
522,1.00000000,0.98834158
523,1.00000000,0.98856980
524,1.00000000,0.98879359
525,1.00000000,0.98901306
526,1.00000000,0.98922827
527,1.00000000,0.98943931
528,1.00000000,0.98964626
529,1.00000000,0.98984920
530,1.00000000,0.99004820
531,1.00000000,0.99024333
532,1.00000000,0.99043468
533,1.00000000,0.99062231
534,1.00000000,0.99080629
535,1.00000000,0.99098670
536,1.00000000,0.99116360
537,1.00000000,0.99133706
538,1.00000000,0.99150714
539,1.00000000,0.99167391
540,1.00000000,0.99183743
541,1.00000000,0.99199777
542,1.00000000,0.99215498
543,1.00000000,0.99230912
544,1.00000000,0.99246027
545,1.00000000,0.99260846
546,1.00000000,0.99275376
547,1.00000000,0.99289623
548,1.00000000,0.99303591
549,1.00000000,0.99317287
550,1.00000000,0.99330715
551,1.00000000,0.99343881
552,1.00000000,0.99356789
553,1.00000000,0.99369445
554,1.00000000,0.99381854
555,1.00000000,0.99394020
556,1.00000000,0.99405948
557,1.00000000,0.99417642
558,1.00000000,0.99429108
559,1.00000000,0.99440349
560,1.00000000,0.99451370
561,1.00000000,0.99462175
562,1.00000000,0.99472769
563,1.00000000,0.99483155
564,1.00000000,0.99493337
565,1.00000000,0.99503320
566,1.00000000,0.99513107
567,1.00000000,0.99522702
568,1.00000000,0.99532109
569,1.00000000,0.99541331
570,1.00000000,0.99550373
571,1.00000000,0.99559237
572,1.00000000,0.99567927
573,1.00000000,0.99576446
574,1.00000000,0.99584798
575,1.00000000,0.99592986
576,1.00000000,0.99601013
577,1.00000000,0.99608883
578,1.00000000,0.99616598
579,1.00000000,0.99624161
580,1.00000000,0.99631576
581,1.00000000,0.99638845
582,1.00000000,0.99645971
583,1.00000000,0.99652957
584,1.00000000,0.99659805
585,1.00000000,0.99666519
586,1.00000000,0.99673101
587,1.00000000,0.99679553
588,1.00000000,0.99685879
589,1.00000000,0.99692080
590,1.00000000,0.99698158
591,1.00000000,0.99704118
592,1.00000000,0.99709959
593,1.00000000,0.99715686
594,1.00000000,0.99721300
595,1.00000000,0.99726804
596,1.00000000,0.99732199
597,1.00000000,0.99737488
598,1.00000000,0.99742673
599,1.00000000,0.99747755
600,1.00000000,0.99752738
601,1.00000000,0.99757622
602,1.00000000,0.99762410
603,1.00000000,0.99767104
604,1.00000000,0.99771705
605,1.00000000,0.99776215
606,1.00000000,0.99780637
607,1.00000000,0.99784971
608,1.00000000,0.99789220
609,1.00000000,0.99793385
610,1.00000000,0.99797468
611,1.00000000,0.99801470
612,1.00000000,0.99805394
613,1.00000000,0.99809240
614,1.00000000,0.99813010
615,1.00000000,0.99816706
616,1.00000000,0.99820329
617,1.00000000,0.99823881
618,1.00000000,0.99827362
619,1.00000000,0.99830775
620,1.00000000,0.99834120
621,1.00000000,0.99837399
622,1.00000000,0.99840614
623,1.00000000,0.99843765
624,1.00000000,0.99846854
625,1.00000000,0.99849882
626,1.00000000,0.99852850
627,1.00000000,0.99855760
628,1.00000000,0.99858612
629,1.00000000,0.99861407
630,1.00000000,0.99864148
631,1.00000000,0.99866834
632,1.00000000,0.99869468
633,1.00000000,0.99872049
634,1.00000000,0.99874580
635,1.00000000,0.99877060
636,1.00000000,0.99879492
637,1.00000000,0.99881875
638,1.00000000,0.99884211
639,1.00000000,0.99886501
640,1.00000000,0.99888746
641,1.00000000,0.99890947
642,1.00000000,0.99893104
643,1.00000000,0.99895219
644,1.00000000,0.99897291
645,1.00000000,0.99899323
646,1.00000000,0.99901314
647,1.00000000,0.99903267
648,1.00000000,0.99905180
649,1.00000000,0.99907056
650,1.00000000,0.99908895
651,1.00000000,0.99910697
652,1.00000000,0.99912464
653,1.00000000,0.99914196
654,1.00000000,0.99915893
655,1.00000000,0.99917558
656,1.00000000,0.99919189
657,1.00000000,0.99920788
658,1.00000000,0.99922355
659,1.00000000,0.99923891
660,1.00000000,0.99925397
661,1.00000000,0.99926873
662,1.00000000,0.99928320
663,1.00000000,0.99929739
664,1.00000000,0.99931129
665,1.00000000,0.99932492
666,1.00000000,0.99933828
667,1.00000000,0.99935137
668,1.00000000,0.99936421
669,1.00000000,0.99937679
670,1.00000000,0.99938912
671,1.00000000,0.99940121
672,1.00000000,0.99941306
673,1.00000000,0.99942468
674,1.00000000,0.99943606
675,1.00000000,0.99944722
676,1.00000000,0.99945816
677,1.00000000,0.99946888
678,1.00000000,0.99947940
679,1.00000000,0.99948970
680,1.00000000,0.99949980
681,1.00000000,0.99950970
682,1.00000000,0.99951940
683,1.00000000,0.99952891
684,1.00000000,0.99953824
685,1.00000000,0.99954738
686,1.00000000,0.99955634
687,1.00000000,0.99956512
688,1.00000000,0.99957373
689,1.00000000,0.99958216
690,1.00000000,0.99959043
691,1.00000000,0.99959854
692,1.00000000,0.99960649
693,1.00000000,0.99961427
694,1.00000000,0.99962191
695,1.00000000,0.99962939
696,1.00000000,0.99963673
697,1.00000000,0.99964392
698,1.00000000,0.99965097
699,1.00000000,0.99965788
700,1.00000000,0.99966465
701,1.00000000,0.99967129
702,1.00000000,0.99967779
703,1.00000000,0.99968417
704,1.00000000,0.99969042
705,1.00000000,0.99969655
706,1.00000000,0.99970256
707,1.00000000,0.99970845
708,1.00000000,0.99971422
709,1.00000000,0.99971988
710,1.00000000,0.99972542
711,1.00000000,0.99973086
712,1.00000000,0.99973619
713,1.00000000,0.99974141
714,1.00000000,0.99974653
715,1.00000000,0.99975154
716,1.00000000,0.99975646
717,1.00000000,0.99976128
718,1.00000000,0.99976601
719,1.00000000,0.99977064
720,1.00000000,0.99977518
721,1.00000000,0.99977963
722,1.00000000,0.99978400
723,1.00000000,0.99978827
724,1.00000000,0.99979246
725,1.00000000,0.99979657
726,1.00000000,0.99980060
727,1.00000000,0.99980455
728,1.00000000,0.99980842
729,1.00000000,0.99981221
730,1.00000000,0.99981593
731,1.00000000,0.99981957
732,1.00000000,0.99982314
733,1.00000000,0.99982665
734,1.00000000,0.99983008
735,1.00000000,0.99983344
736,1.00000000,0.99983674
737,1.00000000,0.99983997
738,1.00000000,0.99984314
739,1.00000000,0.99984625
740,1.00000000,0.99984929
741,1.00000000,0.99985227
742,1.00000000,0.99985520
743,1.00000000,0.99985807
744,1.00000000,0.99986088
745,1.00000000,0.99986363
746,1.00000000,0.99986633
747,1.00000000,0.99986898
748,1.00000000,0.99987157
749,1.00000000,0.99987411
750,1.00000000,0.99987661
751,1.00000000,0.99987905
752,1.00000000,0.99988144
753,1.00000000,0.99988379
754,1.00000000,0.99988609
755,1.00000000,0.99988835
756,1.00000000,0.99989056
757,1.00000000,0.99989272
758,1.00000000,0.99989485
759,1.00000000,0.99989693
760,1.00000000,0.99989897
761,1.00000000,0.99990097
762,1.00000000,0.99990293
763,1.00000000,0.99990485
764,1.00000000,0.99990674
765,1.00000000,0.99990858
766,1.00000000,0.99991039
767,1.00000000,0.99991217
768,1.00000000,0.99991391
769,1.00000000,0.99991561
770,1.00000000,0.99991728
771,1.00000000,0.99991892
772,1.00000000,0.99992053
773,1.00000000,0.99992210
774,1.00000000,0.99992364
775,1.00000000,0.99992515
776,1.00000000,0.99992664
777,1.00000000,0.99992809
778,1.00000000,0.99992951
779,1.00000000,0.99993091
780,1.00000000,0.99993228
781,1.00000000,0.99993362
782,1.00000000,0.99993493
783,1.00000000,0.99993622
784,1.00000000,0.99993748
785,1.00000000,0.99993872
786,1.00000000,0.99993993
787,1.00000000,0.99994112
788,1.00000000,0.99994229
789,1.00000000,0.99994343
790,1.00000000,0.99994455
791,1.00000000,0.99994565
792,1.00000000,0.99994673
793,1.00000000,0.99994778
794,1.00000000,0.99994881
795,1.00000000,0.99994983
796,1.00000000,0.99995082
797,1.00000000,0.99995180
798,1.00000000,0.99995275
799,1.00000000,0.99995369
800,1.00000000,0.99995460
801,1.00000000,0.99995550
802,1.00000000,0.99995638
803,1.00000000,0.99995725
804,1.00000000,0.99995809
805,1.00000000,0.99995892
806,1.00000000,0.99995974
807,1.00000000,0.99996053
808,1.00000000,0.99996131
809,1.00000000,0.99996208
810,1.00000000,0.99996283
811,1.00000000,0.99996357
812,1.00000000,0.99996429
813,1.00000000,0.99996500
814,1.00000000,0.99996569
815,1.00000000,0.99996637
816,1.00000000,0.99996703
817,1.00000000,0.99996769
818,1.00000000,0.99996833
819,1.00000000,0.99996895
820,1.00000000,0.99996957
821,1.00000000,0.99997017
822,1.00000000,0.99997076
823,1.00000000,0.99997134
824,1.00000000,0.99997191
825,1.00000000,0.99997246
826,1.00000000,0.99997301
827,1.00000000,0.99997354
828,1.00000000,0.99997407
829,1.00000000,0.99997458
830,1.00000000,0.99997508
831,1.00000000,0.99997558
832,1.00000000,0.99997606
833,1.00000000,0.99997654
834,1.00000000,0.99997700
835,1.00000000,0.99997746
836,1.00000000,0.99997790
837,1.00000000,0.99997834
838,1.00000000,0.99997877
839,1.00000000,0.99997919
840,1.00000000,0.99997960
841,1.00000000,0.99998000
842,1.00000000,0.99998040
843,1.00000000,0.99998079
844,1.00000000,0.99998117
845,1.00000000,0.99998154
846,1.00000000,0.99998191
847,1.00000000,0.99998227
848,1.00000000,0.99998262
849,1.00000000,0.99998296
850,1.00000000,0.99998330
851,1.00000000,0.99998363
852,1.00000000,0.99998395
853,1.00000000,0.99998427
854,1.00000000,0.99998458
855,1.00000000,0.99998489
856,1.00000000,0.99998519
857,1.00000000,0.99998548
858,1.00000000,0.99998577
859,1.00000000,0.99998605
860,1.00000000,0.99998633
861,1.00000000,0.99998660
862,1.00000000,0.99998686
863,1.00000000,0.99998712
864,1.00000000,0.99998738
865,1.00000000,0.99998763
866,1.00000000,0.99998787
867,1.00000000,0.99998811
868,1.00000000,0.99998835
869,1.00000000,0.99998858
870,1.00000000,0.99998880
871,1.00000000,0.99998903
872,1.00000000,0.99998924
873,1.00000000,0.99998946
874,1.00000000,0.99998967
875,1.00000000,0.99998987
876,1.00000000,0.99999007
877,1.00000000,0.99999027
878,1.00000000,0.99999046
879,1.00000000,0.99999065
880,1.00000000,0.99999083
881,1.00000000,0.99999102
882,1.00000000,0.99999119
883,1.00000000,0.99999137
884,1.00000000,0.99999154
885,1.00000000,0.99999171
886,1.00000000,0.99999187
887,1.00000000,0.99999203
888,1.00000000,0.99999219
889,1.00000000,0.99999234
890,1.00000000,0.99999250
891,1.00000000,0.99999264
892,1.00000000,0.99999279
893,1.00000000,0.99999293
894,1.00000000,0.99999307
895,1.00000000,0.99999321
896,1.00000000,0.99999334
897,1.00000000,0.99999348
898,1.00000000,0.99999361
899,1.00000000,0.99999373
900,1.00000000,0.99999386
901,1.00000000,0.99999398
902,1.00000000,0.99999410
903,1.00000000,0.99999421
904,1.00000000,0.99999433
905,1.00000000,0.99999444
906,1.00000000,0.99999455
907,1.00000000,0.99999466
908,1.00000000,0.99999476
909,1.00000000,0.99999487
910,1.00000000,0.99999497
911,1.00000000,0.99999507
912,1.00000000,0.99999517
913,1.00000000,0.99999526
914,1.00000000,0.99999536
915,1.00000000,0.99999545
916,1.00000000,0.99999554
917,1.00000000,0.99999563
918,1.00000000,0.99999571
919,1.00000000,0.99999580
920,1.00000000,0.99999588
921,1.00000000,0.99999596
922,1.00000000,0.99999604
923,1.00000000,0.99999612
924,1.00000000,0.99999620
925,1.00000000,0.99999627
926,1.00000000,0.99999635
927,1.00000000,0.99999642
928,1.00000000,0.99999649
929,1.00000000,0.99999656
930,1.00000000,0.99999663
931,1.00000000,0.99999669
932,1.00000000,0.99999676
933,1.00000000,0.99999682
934,1.00000000,0.99999689
935,1.00000000,0.99999695
936,1.00000000,0.99999701
937,1.00000000,0.99999707
938,1.00000000,0.99999713
939,1.00000000,0.99999718
940,1.00000000,0.99999724
941,1.00000000,0.99999729
942,1.00000000,0.99999735
943,1.00000000,0.99999740
944,1.00000000,0.99999745
945,1.00000000,0.99999750
946,1.00000000,0.99999755
947,1.00000000,0.99999760
948,1.00000000,0.99999765
949,1.00000000,0.99999769
950,1.00000000,0.99999774
951,1.00000000,0.99999778
952,1.00000000,0.99999783
953,1.00000000,0.99999787
954,1.00000000,0.99999791
955,1.00000000,0.99999795
956,1.00000000,0.99999800
957,1.00000000,0.99999803
958,1.00000000,0.99999807
959,1.00000000,0.99999811
960,1.00000000,0.99999815
961,1.00000000,0.99999819
962,1.00000000,0.99999822
963,1.00000000,0.99999826
964,1.00000000,0.99999829
965,1.00000000,0.99999833
966,1.00000000,0.99999836
967,1.00000000,0.99999839
968,1.00000000,0.99999842
969,1.00000000,0.99999845
970,1.00000000,0.99999848
971,1.00000000,0.99999851
972,1.00000000,0.99999854
973,1.00000000,0.99999857
974,1.00000000,0.99999860
975,1.00000000,0.99999863
976,1.00000000,0.99999866
977,1.00000000,0.99999868
978,1.00000000,0.99999871
979,1.00000000,0.99999873
980,1.00000000,0.99999876
981,1.00000000,0.99999878
982,1.00000000,0.99999881
983,1.00000000,0.99999883
984,1.00000000,0.99999885
985,1.00000000,0.99999888
986,1.00000000,0.99999890
987,1.00000000,0.99999892
988,1.00000000,0.99999894
989,1.00000000,0.99999896
990,1.00000000,0.99999898
991,1.00000000,0.99999900
992,1.00000000,0.99999902
993,1.00000000,0.99999904
994,1.00000000,0.99999906
995,1.00000000,0.99999908
996,1.00000000,0.99999910
997,1.00000000,0.99999912
998,1.00000000,0.99999913
999,1.00000000,0.99999915
1000,1.00000000,0.99999917
